Ticker,Last Close
CRTD,5.02
GLBS,5.03
ARCO,5.03
CBAT,5.05
AFI,5.05
ANIX,5.06
YGMZ,5.07
HLX,5.08
AGTC,5.09
BWEN,5.09
CAPR,5.09
APRE,5.1
KERN,5.1
ONCS,5.11
ADMS,5.12
BNTC,5.12
EXK,5.12
ADAP,5.13
TCDA,5.14
CBIO,5.15
HOFV,5.15
ERF,5.15
EZPW,5.16
ETM,5.22
PUYI,5.23
HWCC,5.24
BBVA,5.25
NWG,5.27
EDSA,5.28
UONE,5.3
GIM,5.3
XAIR,5.32
TUSK,5.33
DYAI,5.35
GCI,5.35
OEG,5.38
WTTR,5.39
RES,5.4
TEO,5.4
VHC,5.4
ELYS,5.41
CBLI,5.48
APEN,5.49
RAIL,5.49
CBD,5.49
HBIO,5.5
PNNT,5.54
WRAP,5.55
LIVX,5.57
OLB,5.57
GBS,5.59
BSMX,5.6
ALTO,5.62
PRTY,5.62
UEPS,5.64
ORN,5.65
BIOC,5.68
STSA,5.71
EEX,5.71
CRK,5.72
GLOG,5.75
ANPC,5.79
ARLP,5.82
LCI,5.82
MUFG,5.82
EMKR,5.83
SMSI,5.83
ATAX,5.84
OCUP,5.84
SLDB,5.86
ATXI,5.88
LGVN,5.88
LXRX,5.88
MPLN,5.88
GRAY,5.89
FTFT,5.9
CHFS,5.905
APTO,5.91
POWW,5.91
EBR,5.91
AIV,5.92
IMTE,5.93
KNDI,5.93
HL,5.94
CERS,5.96
SQNS,5.97
BRY,5.98
CLMT,5.98
HMHC,5.98
VXRT,5.99
ORC,5.99
AUTL,6.01
CCRC,6.01
JCS,6.03
MGI,6.03
PBPB,6.05
AMRN,6.06
FRSX,6.06
ACTG,6.07
BKT,6.07
UBX,6.08
BKD,6.09
LTBR,6.1
WIMI,6.1
SOS,6.11
ISEE,6.12
SID,6.14
OCSL,6.155
SINO,6.16
KZR,6.17
DAKT,6.19
LTRPA,6.19
ITI,6.2
MRAM,6.2
VKTX,6.2
HPR,6.2
OXLC,6.21
LOMA,6.21
EKSO,6.22
SIRI,6.22
CLNY,6.23
ARDX,6.25
SUP,6.25
ASPU,6.3
KUKE,6.32
TAST,6.34
HEXO,6.34
GSKY,6.35
HBM,6.35
WETF,6.355
SNR,6.4
BHR,6.41
CMO,6.41
OIS,6.41
WIT,6.41
OSS,6.42
CLVS,6.44
AQB,6.44
GTYH,6.44
HPK,6.5
DHT,6.51
LEAF,6.54
ARAV,6.57
FHS,6.57
HJLI,6.58
APRN,6.59
NMR,6.61
MFH,6.62
CLXT,6.64
LINC,6.65
TLMD,6.66
FSM,6.68
SSNT,6.69
PHK,6.69
SIGA,6.7
CX,6.71
KGC,6.72
XNET,6.73
AYRO,6.75
GTBP,6.76
CNDT,6.77
CNSL,6.77
PYR,6.78
ENBL,6.8
SPI,6.82
AWH,6.81
GAB,6.84
SAND,6.84
VYNE,6.85
AMRX,6.85
MDLY,6.86
YQ,6.88
HKIB,6.89
ARLO,6.9
BPTH,6.91
FINV,6.91
KBNT,6.92
INOD,6.93
SXC,6.95
ATNF,6.96
KALA,7.02
BBCP,6.99
PRTK,7.02
JWEL,7.04
NNBR,7.05
IRIX,7.08
GROW,7.1
ORTX,7.1
TRIT,7.11
OCGN,7.13
OESX,7.13
EQ,7.16
BSBR,7.16
GOGL,7.165
WPRT,7.17
SBS,7.19
RCON,7.22
CORR,7.24
NBSE,7.25
GOL,7.26
SIEN,7.27
QUIK,7.3
RDHL,7.3
MFGP,7.3
TWO,7.31
ESTE,7.32
ZIXI,7.335
PLYA,7.34
WVE,7.35
BBW,7.35
HTBX,7.39
CYCC,7.4
AVEO,7.41
OIIM,7.45
PTEN,7.47
PGEN,7.49
TRST,7.53
SLGG,7.55
VET,7.57
LIZI,7.58
CLOV,7.59
JAKK,7.6
CTMX,7.62
ORBC,7.62
ACIU,7.63
USA,7.63
AGLE,7.64
GGAL,7.65
SCYX,7.65
KLDO,7.67
ASX,7.7
AYTU,7.71
LOTZ,7.73
SMFG,7.74
ENDP,7.75
BNGO,7.75
AFMD,7.77
APDN,7.78
UGRO,7.79
CSPR,7.79
EBON,7.8
ONCT,7.8
CVE,7.8
CPST,7.82
VIEW,7.84
BNED,7.84
PSEC,7.86
GMDA,7.87
JAN,7.87
EPZM,7.89
BW,7.89
GEO,7.9
AGRO,7.91
AGI,7.93
ET,7.93
AIH,7.93
TCON,7.96
UWMC,7.98
SYRS,8.01
QMCO,8.04
FTI,8.04
SCKT,8.05
SURF,8.05
SOGO,8.05
CYTH,8.06
AGS,8.06
HLIT,8.08
FLL,8.09
RBBN,8.09
FRO,8.09
PBR,8.11
CGEN,8.15
IVC,8.17
PBR.A,8.17
PRQR,8.185
STKS,8.19
PBI,8.2
ADT,8.21
SLS,8.24
ACCO,8.27
CLS,8.27
MBT,8.27
IMGN,8.28
AAOI,8.29
KODK,8.31
SRNE,8.33
PLXP,8.38
IDN,8.43
YELL,8.43
CANG,8.43
LLIT,8.44
CTSO,8.46
DSKE,8.46
SFT,8.46
AXDX,8.47
MOGO,8.48
RMNI,8.49
SFL,8.49
ENIA,8.52
BLCT,8.53
CRMD,8.55
HUIZ,8.55
GEVO,8.57
VVPR,8.59
INSE,8.62
ETRN,8.63
MESO,8.67
FREQ,8.68
CLNC,8.71
VIRX,8.74
NNDM,8.75
GLRE,8.76
FARM,8.77
COTY,8.78
JILL,8.81
UMC,8.83
KOPN,8.84
BSM,8.85
EXTR,8.865
AVDL,8.88
EIGR,8.89
COGT,8.91
CMRX,8.92
JFIN,8.92
CXW,8.92
PWFL,8.94
RNET,8.95
NLY,8.97
OUST,8.99
MITC,9.01
GEL,9.02
CDXC,9.02
INO,9.03
FLXN,9.05
PMBC,9.05
EYES,9.11
ACB,9.11
RLX,9.12
GOSS,9.17
PSTX,9.18
PAE,9.19
TWI,9.19
HYRE,9.2
CDE,9.21
AM,9.22
MRC,9.22
TAOP,9.25
OCG,9.26
ERJ,9.26
CRON,9.29
CPLG,9.29
EGAN,9.31
PAA,9.34
KMPH,9.35
DRD,9.36
GFI,9.36
TAC,9.36
ONVO,9.41
RYAM,9.42
PAGP,9.47
XL,9.49
WSR,9.52
IMMR,9.53
FIXX,9.54
TV,9.55
EURN,9.56
DSSI,9.58
RPLA,9.58
FOLD,9.59
HMPT,9.59
ATEN,9.59
AXL,9.61
GOGO,9.63
BB,9.63
LEGO,9.64
SY,9.64
MBI,9.65
VMD,9.66
CARV,9.68
CASA,9.7
CODX,9.7
TMKR,9.71
PNTM,9.715
IGAC,9.72
INSG,9.74
ENFA,9.75
ETAC,9.76
CCV,9.76
FPAC,9.76
COOL,9.78
MAAC,9.79
XPOA,9.79
LMAO,9.8
MDXG,9.8
ZKIN,9.8
GMII,9.805
KINZ,9.82
LPL,9.82
SVOK,9.83
AROC,9.83
ONDS,9.84
ARKO,9.85
MOTV,9.85
TISI,9.85
TWCT,9.86
GOAC,9.86
HIGA,9.86
LFTR,9.87
ACAC,9.88
SCVX,9.88
YAC,9.88
PBYI,9.89
APSG,9.89
AVAN,9.9
CTAC,9.9
ACND,9.91
HEC,9.92
MLAC,9.92
TACO,9.92
CRHC,9.92
DNP,9.92
FCAC,9.93
MOTN,9.93
CEIX,9.93
KSMT,9.94
LHAA,9.94
ADVM,9.94
BOAC,9.94
NSTB,9.94
SEAH,9.94
BWAC,9.95
AFIN,9.95
IMPX,9.95
LOKB,9.95
PACE,9.95
GLAD,9.96
GNRS,9.96
CAP,9.96
HZAC,9.96
CRDF,9.96
JNCE,9.97
RMGB,9.97
SVFC,9.97
DTIL,9.97
VAQC,9.9708
EYPT,9.98
QELL,9.98
APTS,9.98
EMPW,9.98
FAII,9.98
FMAC,9.98
FUSE,9.98
RBAC,9.98
SOAC,9.98
CGRO,9.98
ATAC,9.99
BBDC,9.99
TREB,9.99
GRSV,10
SVAC,10
CCAC,10
EQD,10
TWND,10
NEBC,10.01
GIX,10.01
PRPB,10.01
CCX,10.02
CHMI,10.02
OACB,10.02
CONX,10.03
ASPL,10.03
LATN,10.04
LCY,10.04
ITAC,10.05
ZNTE,10.05
CFAC,10.05
NSH,10.05
PIPP,10.05
SPNV,10.05
GXGX,10.06
SV,10.06
ZNGA,10.06
BCS,10.06
CRSA,10.06
NHIC,10.08
SVFB,10.09
THCA,10.09
WNW,10.09
BTAQ,10.09
ACEV,10.1
ORMP,10.1
OSW,10.1
SVFA,10.1
KVSA,10.11
CMRE,10.11
INFN,10.13
ALUS,10.13
NM,10.13
SCPE,10.13
VYGG,10.13
NGAC,10.15
SAII,10.15
ACIC,10.15
CVGI,10.16
QIWI,10.16
IACA,10.16
DVAX,10.16
RACB,10.17
WPF,10.17
RTP,10.18
RTPZ,10.18
LUXA,10.19
PGRE,10.19
FIII,10.2
RAAC,10.2
AUVI,10.2
FGNA,10.2
THBR,10.22
ALTU,10.22
AMC,10.24
AJAX,10.25
FRX,10.25
AACQ,10.26
LX,10.26
BVN,10.26
DGNR,10.27
NUVB,10.28
HZON,10.29
KPTI,10.3
NMCI,10.3
VRA,10.3
VGAC,10.3
CTT,10.31
SPNT,10.31
ETWO,10.32
KEP,10.32
BTNB,10.33
RFP,10.34
BCRX,10.35
TRIL,10.36
RWT,10.36
LFC,10.37
OPRA,10.39
SPKE,10.39
DNOW,10.39
JOAN,10.4
VIOT,10.4
TBA,10.4
CNTY,10.41
SPRQ,10.41
GILT,10.42
GSAH,10.43
LABP,10.46
AR,10.47
BTWN,10.5
BRMK,10.5
CIO,10.5
ARYD,10.5
GNK,10.5
SPFR,10.51
HAAC,10.52
AGCB,10.52
DMYI,10.52
SDC,10.54
NMRK,10.55
DOYU,10.55
GNPK,10.55
INN,10.55
PVG,10.57
VSPR,10.58
STIC,10.59
TUFN,10.6
VCVC,10.63
GWAC,10.64
NDLS,10.64
DRH,10.64
DCRB,10.65
AHAC,10.66
LUNA,10.67
GIK,10.67
PSO,10.67
PRVB,10.7
SFTW,10.7
ZEPP,10.73
EXPC,10.74
PDAC,10.75
TEN,10.75
RTLR,10.76
SOL,10.76
AMPG,10.78
FTOC,10.8
ACEL,10.81
TMST,10.85
RPAI,10.86
RRC,10.87
IRWD,10.89
ACH,10.9
EGO,10.91
NVVE,10.95
GLNG,10.97
NUV,10.98
SNPR,10.98
GRTS,10.99
TSIA,10.99
PUMP,10.99
OSUR,11.01
IPOF,11.02
ENLV,11.03
TGLS,11.04
NETE,11.09
MRO,11.09
NRZ,11.09
BYSI,11.14
ICLK,11.15
ALDX,11.16
FTIV,11.17
AEI,11.17
HYLN,11.17
TIMB,11.18
HT,11.19
RADA,11.2
IPOD,11.2
ESRT,11.23
OR,11.23
GOCO,11.24
UNIT,11.26
FBP,11.27
LBRT,11.3
EVLO,11.31
PAYA,11.32
TRTX,11.33
VERU,11.34
AXTI,11.36
NFH,11.37
TLYS,11.39
CRIS,11.41
FPI,11.49
GATO,11.49
RMO,11.49
TLIS,11.51
DBTX,11.51
EQOS,11.52
LXP,11.53
USX,11.54
APXT,11.57
TEVA,11.58
AGFY,11.65
AGC,11.67
CUE,11.67
VACQ,11.68
EAF,11.68
BOWX,11.71
OII,11.73
RAAS,11.75
EOLS,11.77
AMCR,11.78
RPT,11.78
TDAC,11.82
ASYS,11.83
AONE,11.85
RIDE,11.87
LADR,11.87
GPRO,11.88
FTCV,11.9
INVA,11.91
USAT,11.91
YSG,11.91
MTEM,11.92
POLA,11.92
MGY,11.92
NLTX,11.95
QRTEA,11.97
AVRO,11.98
CPSH,11.98
SGMO,12
VG,12.01
ING,12.01
CLII,12.02
PFLT,12.03
NPTN,12.03
JIH,12.05
PCG,12.07
NTP,12.08
HTBK,12.09
FLUX,12.1
IPWR,12.11
CLDR,12.13
REV,12.15
MAC,12.18
PSAC,12.19
HTOO,12.2
LHDX,12.25
HIMX,12.26
ARR,12.28
CAPA,12.3
F,12.3
AEVA,12.31
IMTX,12.32
MILE,12.32
CLVR,12.33
CATO,12.34
DB,12.35
SLCA,12.35
SVC,12.38
INMB,12.39
NPA,12.39
STIM,12.39
ORAN,12.41
HOL,12.42
KT,12.43
GPMT,12.45
GOEV,12.46
THCB,12.48
NYCB,12.48
GLUU,12.5
TALO,12.5
AUPH,12.52
NESR,12.56
NMFC,12.6
PLAB,12.6
CERE,12.6
PRDO,12.6
VLDR,12.6
ASAI,12.6
BPMP,12.6
KRNY,12.61
SUZ,12.62
AHH,12.68
RGS,12.7
CARS,12.71
HOLI,12.72
DMS,12.72
FST,12.72
TILE,12.73
SHO,12.73
AKTS,12.74
CCRN,12.74
VEDL,12.74
MGTA,12.75
VIH,12.75
GCMG,12.76
CIM,12.86
CS,12.87
EC,12.88
GE,12.99
TDW,13
FNB,13.02
TFFP,13.03
VINP,13.03
CYH,13.06
SOI,13.07
CNR,13.08
VFF,13.1
FREE,13.13
AMR,13.13
LUMN,13.16
BAK,13.17
GMRE,13.23
MTRX,13.25
DLPN,13.25
FLY,13.25
FCEL,13.26
ISUN,13.26
SHLX,13.27
RADI,13.28
BDN,13.29
MESA,13.3
SNSE,13.3
PRTS,13.32
MTG,13.32
BPFH,13.37
DESP,13.39
HIMS,13.41
MVIS,13.45
WKHS,13.45
SITC,13.46
CLNE,13.5
GBOX,13.5
AFIB,13.5
WOW,13.5
GANX,13.52
ERIC,13.52
BTBT,13.56
GNOG,13.56
LILA,13.58
AMX,13.63
LILAK,13.67
AINV,13.67
CFFN,13.68
BMA,13.68
JWS,13.68
MWA,13.68
RC,13.69
SUNW,13.72
CSTE,13.73
KBAL,13.73
LPG,13.74
LU,13.74
LGF.B,13.75
CGBD,13.8
ANGI,13.81
SPRO,13.81
FOSL,13.83
YI,13.84
ALT,13.85
FSRV,13.86
HOOK,13.86
BNFT,13.87
RSVA,13.91
ACRE,13.91
VVNT,13.92
TCPC,13.93
LAUR,13.96
VLRS,13.96
SRAC,13.97
CLDT,13.98
PBFX,13.98
VLY,13.99
CVA,13.99
HGEN,13.99
VEI,14.01
DBD,14.02
NOV,14.03
WIFI,14.04
HONE,14.05
GHVI,14.07
CURI,14.09
PARR,14.1
NAVI,14.13
CMLF,14.13
VRRM,14.13
GSG,14.14
NKLA,14.15
PVAC,14.15
SSSS,14.16
FUV,14.22
EDU,14.23
TPVG,14.23
VGR,14.24
ATCO,14.28
ORCC,14.29
YEXT,14.3
PTVE,14.34
ROOT,14.34
PBF,14.34
IEA,14.35
HRZN,14.35
VTRS,14.36
MITK,14.41
GLDD,14.41
BTRS,14.41
MOMO,14.45
EVRI,14.46
ZUO,14.46
TIGR,14.47
OI,14.49
VRS,14.5
MRNS,14.51
ARI,14.51
CHRS,14.53
SSRM,14.54
BFT,14.55
LAC,14.55
QUOT,14.56
TTMI,14.595
SSL,14.62
FCF,14.64
TWNK,14.67
SCS,14.67
DYN,14.71
CURO,14.72
BGFV,14.73
ISBC,14.73
IMUX,14.75
BVS,14.75
GMTX,14.79
GMBL,14.8
ATRA,14.8
NWBI,14.82
MERC,14.83
NBLX,14.84
STKL,14.87
SABR,14.88
ZYXI,14.88
HMLP,14.92
MOD,14.92
PGX,14.92
TNK,14.93
AVXL,14.96
BCEL,14.98
APLE,14.98
UVE,15.01
SPH,15.06
GBDC,15.08
CSTM,15.09
OCFT,15.1
SBLK,15.125
NLS,15.13
USAC,15.2
ALLT,15.22
TGP,15.22
HRTX,15.23
WKEY,15.24
RLGY,15.25
BCSF,15.29
GSL,15.29
MDRX,15.3
SCPL,15.33
CBB,15.37
SWIR,15.38
ABR,15.4
MNRL,15.41
CONN,15.44
DMYD,15.45
VNDA,15.47
RLJ,15.47
KAR,15.48
BRKL,15.49
KRO,15.49
CNHI,15.53
HOPE,15.53
GPRK,15.55
VNOM,15.62
CNX,15.62
BFI,15.63
IMVT,15.64
DM,15.69
LGF.A,15.69
IRT,15.72
DLTH,15.73
DBI,15.75
COMM,15.78
USAK,15.8
AG,15.83
SOHU,15.84
RSI,15.85
AQN,15.89
CSAN,15.89
SWCH,15.89
CNTB,15.9
FNCH,16
HPE,16.01
HAYW,16.02
PRMW,16.03
UBS,16.04
MSGN,16.06
HBAN,16.08
HTGC,16.1
MANU,16.15
WBT,16.15
EFC,16.16
CLI,16.18
WISH,16.21
IBN,16.24
ACTC,16.25
GTES,16.25
VIAV,16.27
TRQ,16.29
NFBK,16.3
ATEC,16.33
BCOR,16.35
ALEC,16.35
TBIO,16.4
M,16.42
ROIC,16.45
SKT,16.47
LBPH,16.5
IAU,16.5
CLF,16.57
CWK,16.57
SA,16.59
MRSN,16.63
TCS,16.63
CCJ,16.65
KNSA,16.69
VALE,16.74
PRCH,16.75
DBC,16.77
CD,16.8
KMI,16.8
ALEX,16.81
KNL,16.82
CDMO,16.85
LC,16.85
PASG,16.87
VST,16.87
AMBC,16.89
DBA,16.92
OCUL,16.97
NTCO,16.97
PAX,17
PERI,17
AGNC,17.02
LOCO,17.03
HSC,17.03
PQG,17.04
LTHM,17.06
IPOE,17.1
NS,17.11
GT,17.12
HCC,17.13
IHRT,17.14
PLYM,17.14
HST,17.19
BV,17.21
SPWH,17.22
SWI,17.24
FHN,17.25
FOE,17.25
TPCO,17.26
MRTN,17.27
MUR,17.3
UBA,17.31
ATRO,17.33
APHA,17.33
UE,17.34
ADTN,17.35
SOLY,17.39
CAN,17.4
AKUS,17.41
IGT,17.42
TPGY,17.42
IQ,17.43
STLA,17.43
XENE,17.48
FLEX,17.5
GLT,17.5
SWBI,17.53
FULT,17.58
GRFS,17.61
FSR,17.61
AERI,17.67
STAR,17.69
SBRA,17.735
TROX,17.74
AMWL,17.75
NAPA,17.75
CXP,17.78
LBAI,17.8
PDM,17.85
CLBK,17.87
SLM,17.89
RVT,17.89
PLBY,17.91
APPH,17.96
BFLY,17.97
EOSE,18
PBCT,18.03
RXDX,18.03
NGA,18.03
DOC,18.04
AMPH,18.04
OPCH,18.07
PTY,18.07
SVMK,18.09
ATHA,18.09
SM,18.1
BPY,18.11
MNR,18.11
SUMO,18.13
GTN,18.16
ANGN,18.17
LQDT,18.17
GPK,18.19
TPC,18.19
TGI,18.24
GNL,18.25
GTH,18.25
UMPQ,18.27
ICAD,18.29
BPYU,18.3
NTST,18.3
REVG,18.3
UA,18.31
LAND,18.32
CCU,18.33
LIND,18.33
RVI,18.34
WES,18.35
SBSW,18.4
BNL,18.49
OCDX,18.49
CENX,18.53
NXGN,18.58
ESI,18.59
SKLZ,18.6
TGNA,18.64
BANC,18.66
WNC,18.66
ARCC,18.68
INFY,18.72
ZGNX,18.76
DX,18.78
APA,18.79
REKR,18.8
ERII,18.82
RAD,18.85
HEP,18.86
VOD,18.87
AMSC,18.87
MCRB,18.87
KREF,18.95
DENN,19.04
TECK,19.05
DBB,19.09
TTCF,19.11
CLLS,19.14
SRG,19.14
SSPK,19.15
AXGN,19.17
COG,19.18
FSKR,19.18
TAK,19.18
KIM,19.21
LFMD,19.24
OMER,19.26
VOXX,19.35
MCS,19.37
UMH,19.39
WBAI,19.44
EBC,19.46
AMRS,19.46
DGII,19.48
FNKO,19.48
VRT,19.49
FSK,19.5
ORGO,19.5
MYE,19.51
URGN,19.52
ACI,19.52
ALKS,19.52
RMBS,19.57
AKR,19.59
BSIG,19.59
MLCO,19.59
ASPN,19.61
GP,19.62
XENT,19.62
FEYE,19.67
JBLU,19.69
EQT,19.71
HAFC,19.72
APG,19.72
EQNR,19.72
GOOD,19.73
PMT,19.74
SSP,19.75
HTLD,19.75
HARP,19.75
AZUL,19.77
IMAX,19.77
STNG,19.77
LDI,19.8
LNTH,19.8
STAY,19.81
SPTN,19.88
KRG,19.88
ABCM,19.89
OEC,19.96
PACK,19.97
GAN,19.98
NKTR,19.99
GOLD,20
INSW,20.01
CLPT,20.03
GSBD,20.05
ONB,20.06
XHR,20.09
TME,20.1
CARA,20.13
KEY,20.15
TERN,20.16
AVID,20.16
TU,20.17
MAT,20.19
OMP,20.2
MTW,20.27
SBH,20.33
TTM,20.4
CHPT,20.48
TBPH,20.49
QNST,20.5
BRX,20.52
HBI,20.55
CNK,20.57
EVH,20.61
HUYA,20.63
CDXS,20.7
RCEL,20.7
WEN,20.74
DRIO,20.74
CVI,20.75
CAL,20.78
AFCG,20.79
BCOV,20.8
SGTX,20.87
HRB,20.87
TPH,20.87
KW,20.9
TFSL,20.91
YALA,20.94
BZH,20.96
TSLX,20.97
WOOF,20.99
RF,21
AU,21.03
CLSK,21.03
DEA,21.04
RNA,21.04
VITL,21.12
ANGO,21.12
KOSS,21.13
VECO,21.15
VREX,21.17
MYOV,21.2
ANAB,21.21
CADE,21.22
SU,21.29
HESM,21.31
TBBK,21.32
KN,21.35
MPW,21.35
ECOM,21.37
SCU,21.49
MNSO,21.53
MFC,21.56
RYTM,21.59
ALVR,21.6
NLOK,21.61
PSTG,21.64
STRL,21.75
RDNT,21.76
HAL,21.79
TBI,21.81
RAPT,21.83
RDUS,21.83
LESL,21.87
PK,21.87
UNVR,21.87
FUBO,21.88
ATC,21.9
PING,21.92
MIK,21.96
CNP,21.97
GTHX,21.98
TLRY,22.08
CUK,22.08
OPEN,22.08
PSNL,22.09
OUT,22.11
XPER,22.17
FLR,22.19
FFIC,22.19
ASB,22.2
CHX,22.21
ORI,22.22
ATI,22.23
ARVL,22.25
SJI,22.25
REAL,22.3
KELYA,22.33
BKR,22.34
UAA,22.36
PS,22.38
DCP,22.45
TDS,22.48
APR,22.49
OFG,22.49
FMBI,22.53
TS,22.56
PLTR,22.58
IDYA,22.6
GRBK,22.61
MCFE,22.62
CHNG,22.64
EB,22.66
EXEL,22.69
STRO,22.74
DVN,22.74
BLDP,22.75
X,22.75
RDN,22.76
PFS,22.77
BHLB,22.83
VUZI,22.84
RPAY,22.86
BDTX,22.88
TVTY,22.89
AAL,22.93
CAJ,22.96
TUR,23
EPD,23
ACRS,23.02
CCIV,23.02
NMIH,23.04
INTZ,23.05
ICPT,23.13
CVBF,23.13
WRE,23.23
DFH,23.24
BOX,23.25
TCRR,23.26
DK,23.28
FRTA,23.32
AMKR,23.37
EWS,23.46
CODI,23.47
VERI,23.49
VNE,23.51
RXT,23.57
DRVN,23.58
EPRT,23.69
LI,23.7
ILPT,23.73
TVTX,23.75
CLDX,23.75
ORIC,23.75
GES,23.75
PCVX,23.76
CTRE,23.79
NI,23.8
COLL,23.81
AMTX,23.84
SNDX,23.85
CYTK,23.87
FFWM,23.91
LEVI,23.91
RKT,23.91
STL,23.94
ATOM,23.95
NWS,24.01
CARG,24.07
VAPO,24.07
DRNA,24.09
BLBD,24.15
RCM,24.16
GNMK,24.16
FLO,24.18
CNST,24.2
QFIN,24.22
MSP,24.23
E,24.24
OVV,24.25
MTDR,24.33
CRC,24.35
INNV,24.35
UTZ,24.36
PSTH,24.43
CORT,24.48
BRBR,24.49
BSAC,24.49
DAN,24.5
PPC,24.51
WMB,24.56
SHC,24.57
SATS,24.58
VSH,24.61
RUBY,24.62
TUYA,24.64
ASO,24.65
SSYS,24.67
LAZR,24.7
SCR,24.74
ABCL,24.75
GCP,24.75
IVZ,24.76
DNB,24.79
CLVT,24.84
OCFC,24.86
FFBC,24.89
PGTI,24.93
DAO,24.96
TUP,24.96
VERX,24.97
XRX,24.98
CNO,25
EWA,25.05
OSPN,25.07
WDR,25.09
ADCT,25.11
RELX,25.16
BP,25.23
LE,25.24
PEB,25.25
STWD,25.25
ALGM,25.27
PLTK,25.27
CMTL,25.28
FMTX,25.3
SNDR,25.3
WU,25.37
VIVO,25.38
BNR,25.47
NLSN,25.5
RUTH,25.52
MPLX,25.52
OSCR,25.7
DADA,25.71
NX,25.72
NWSA,25.725
ARNC,25.79
TITN,25.82
JNPR,25.84
LL,25.85
ACAD,25.86
UIS,25.89
LBTYK,25.97
AAN,25.99
KIRK,26
MD,26.01
MX,26.01
KTOS,26.02
AQUA,26.04
ZIM,26.04
CCL,26.06
AOUT,26.1
LBTYA,26.1
FLWS,26.18
VVV,26.19
NMM,26.2
SUPN,26.23
HEAR,26.25
EPAC,26.26
AES,26.32
RDWR,26.34
BE,26.35
AEYE,26.36
BOLT,26.38
SJR,26.39
DBX,26.59
NWL,26.64
CLR,26.72
HA,26.76
EWH,26.79
NCLH,26.82
CPF,26.83
BRP,26.86
PRTA,26.9
GFF,26.9
AZRE,26.91
PCY,26.92
NTNX,26.95
CEQP,26.99
SGFY,26.99
DDD,27
IYE,27
SC,27
TIL,27.06
MYTE,27.1
ELF,27.11
GPRE,27.12
ILF,27.14
TA,27.2
PTGX,27.21
SKM,27.23
OFC,27.28
ASIX,27.32
JELD,27.33
WSC,27.38
ASAN,27.39
ESPR,27.39
EWP,27.39
KURA,27.39
STPK,27.4
CWEN,27.45
DFIN,27.45
AUDC,27.47
NOMD,27.47
ANNX,27.5
INOV,27.54
HOMB,27.57
PRA,27.6
ELY,27.63
VICI,27.64
HCM,27.66
CC,27.66
WRI,27.68
ETH,27.69
UNM,27.72
EVOP,27.75
PCT,27.76
OXY,27.76
EWM,27.8
ELAN,27.85
TSEM,27.93
SFM,27.96
LEGN,27.98
HPP,27.99
KALV,28
RVNC,28.03
MDLA,28.05
NVT,28.06
ARQT,28.13
CAE,28.17
CERT,28.17
FHB,28.19
HTA,28.22
SLQT,28.22
FCPT,28.25
SLB,28.31
CGNT,28.36
DXC,28.39
HOME,28.42
IPG,28.44
ARRY,28.46
HP,28.46
EQC,28.47
HCSG,28.49
AVTR,28.57
BATRK,28.58
IOVA,28.67
GTY,28.68
GBIO,28.68
ZTO,28.68
AVYA,28.69
OPI,28.7
AEGN,28.71
SUM,28.78
NGM,28.79
HUN,28.83
MT,28.87
PBA,28.87
CUTR,28.89
NTCT,28.9
TRN,28.92
KRON,28.99
PRSP,29
MWK,29.03
KNTE,29.03
TGH,29.1
SBGI,29.14
HSBC,29.16
ROAD,29.17
AEO,29.19
BLMN,29.21
FTAI,29.24
QURE,29.24
BBBY,29.26
ATSG,29.27
PPL,29.27
AKRO,29.29
OLO,29.3
BEN,29.4
BWX,29.46
REZI,29.46
CAMT,29.49
GPS,29.51
XONE,29.52
SCHL,29.56
SPCE,29.59
AXTA,29.72
EPIX,29.79
NRIX,29.84
MTOR,29.93
LPI,29.97
BLUE,29.98
FBRX,30.02
WW,30.06
MYGN,30.09
BHE,30.11
REYN,30.22
CHEF,30.245
VIRT,30.28
T,30.31
HMC,30.45
OLMA,30.48
MAXN,30.56
CVET,30.59
CLB,30.66
PRPL,30.69
AEL,30.7
SMPL,30.7
CTS,30.71
PACB,30.73
OTRK,30.75
PAAS,30.76
FHI,30.81
GWB,30.83
GIL,30.84
VSTO,30.85
MDP,30.87
SIBN,30.87
PRAX,30.89
SFNC,30.94
HR,30.96
BHC,31
PSXP,31
TRS,31.01
CNQ,31.02
YMAB,31.02
CMMB,31.03
JEF,31.1
MOS,31.15
SANA,31.16
VIPS,31.19
LRN,31.2
EBIX,31.2
VNT,31.22
ECHO,31.23
MDU,31.29
SHLS,31.29
TOWN,31.35
TMHC,31.37
EWI,31.44
MIC,31.44
JHG,31.5
EWU,31.56
ABB,31.59
HPQ,31.66
CMC,31.74
GIII,31.76
VNET,31.79
WHD,31.8
EQH,31.85
IPI,31.88
FGEN,31.91
CRSR,31.97
HWM,31.99
WAFD,32.05
CUBI,32.06
PEAK,32.06
CIB,32.07
LMNX,32.11
CGC,32.12
XPEV,32.14
STEP,32.15
ITCI,32.15
MMYT,32.17
JBGS,32.19
LASR,32.2
RYN,32.21
ZYME,32.21
BXMT,32.24
AOSL,32.28
INVH,32.3
SUN,32.37
OGE,32.4
EWZ,32.41
TRGP,32.45
PDCO,32.46
MTLS,32.47
WMG,32.54
EGHT,32.67
MODN,32.7
RCUS,32.71
MGP,32.74
CRTO,32.74
CBZ,32.78
AA,32.78
PRIM,32.78
SPWR,32.87
FCX,32.96
DEI,32.98
XM,33
GMAB,33.01
SNCY,33.04
ATUS,33.15
REPL,33.16
MGNX,33.2
EWG,33.21
VBTX,33.4
AAT,33.41
KL,33.42
PETS,33.42
BGS,33.44
BXS,33.44
MRVI,33.44
AY,33.51
PMVP,33.55
ANF,33.56
ITOS,33.57
TR,33.6
CRTX,33.63
MXL,33.66
STOR,33.74
FAZ,33.77
ALLO,33.78
MMI,33.88
EGOV,33.89
AMH,33.93
UNFI,33.99
NIU,34.03
PLUG,34.03
RAVN,34.09
DRQ,34.11
ROL,34.19
STAG,34.2
FRG,34.24
RLAY,34.25
FE,34.27
PINC,34.29
NCTY,34.29
COWN,34.34
EVER,34.35
XLF,34.37
NVTA,34.45
RGNX,34.495
SEM,34.51
PETQ,34.53
WLL,34.53
JMIA,34.55
INSM,34.65
GFL,34.7
CMPS,34.75
RWX,34.75
COOP,34.77
RRR,34.77
TRMK,34.8
EH,34.81
EWQ,34.84
MP,35
NKTX,35.02
NGMS,35.06
JAMF,35.09
BZUN,35.13
PDCE,35.16
HTH,35.18
MAX,35.19
UCBI,35.19
KDP,35.24
AHCO,35.25
USM,35.33
WY,35.44
ENVA,35.55
GNTX,35.7
BLFS,35.72
HEES,35.72
BLNK,35.83
NOVA,35.88
DISCK,35.96
CWH,36.06
MARA,36.09
DISH,36.12
NIO,36.13
INT,36.15
FOX,36.17
PFE,36.25
CUZ,36.3
PTR,36.38
BCEI,36.39
HVT,36.39
HOG,36.4
VOR,36.58
WSBC,36.61
GSK,36.67
UFS,36.68
CG,36.79
HMSY,36.91
HFC,36.93
AMRK,36.94
LPRO,36.95
SAVE,36.99
MEOH,37.02
HGV,37.06
GO,37.06
ENB,37.08
OHI,37.08
KBR,37.09
SBCF,37.1
USFD,37.14
SHYF,37.19
APEI,37.22
KRA,37.22
KR,37.23
IRM,37.28
TCOM,37.28
PRAA,37.29
CCCC,37.32
NRG,37.4
VRM,37.43
EVTC,37.56
FMS,37.58
XP,37.62
MAXR,37.64
MGM,37.68
SNN,37.69
TLS,37.71
TX,37.77
TENB,37.8
FOXA,37.8
STOK,37.8
SONO,37.84
NCR,37.84
PPD,37.9
FPRX,37.9
TPX,37.97
ONEM,37.97
LORL,37.97
GDRX,38.03
KYMR,38.04
WPM,38.08
FDMT,38.1
IRDM,38.13
CUBE,38.14
ADPT,38.16
SMCI,38.17
ACIW,38.21
BSX,38.22
PFF,38.25
CPE,38.32
RDS.B,38.35
TWOU,38.4
FITB,38.44
URBN,38.45
CALX,38.46
PD,38.47
OMI,38.48
CAG,38.5
EPC,38.53
SII,38.53
VER,38.53
STM,38.59
VCRA,38.6
GVA,38.63
SHOO,38.65
YELP,38.65
DNMR,38.67
BAC,38.68
JWN,38.72
FSS,38.74
ACGL,38.78
CATM,38.8
OLN,38.82
ARMK,38.9
COLD,38.94
CORE,38.96
GSX,39.01
PSN,39.17
ACLS,39.19
MAIN,39.26
BTI,39.39
FLS,39.45
AUB,39.5
NNOX,39.51
AB,39.55
CGEM,39.63
POSH,39.64
WWW,39.64
PLRX,39.65
CNNE,39.67
PACW,39.67
UBSI,39.68
SBSI,39.68
HNI,39.71
SGMS,39.74
TMDX,39.76
WFC,39.76
NJR,39.77
PLT,39.77
TDC,39.85
XME,39.86
RRGB,39.94
KHC,40.03
GBT,40.04
ODP,40.17
SEER,40.18
NSA,40.29
WORK,40.37
KMT,40.47
EDIT,40.48
GMS,40.48
CALM,40.51
MIME,40.62
ON,40.64
ALSN,40.65
KC,40.75
RDS.A,40.8
COHU,40.83
ARCT,40.83
GOOS,40.88
MGNI,40.91
ATGE,40.92
DLX,40.93
FNF,40.98
CKH,41
BKE,41
CRS,41.02
CARR,41.09
NVST,41.16
ZNTL,41.17
SYF,41.32
AVT,41.4
HALO,41.41
APLS,41.49
MLI,41.52
USO,41.53
BTAI,41.55
UGI,41.57
MEI,41.59
ECPG,41.65
BEP,41.71
TPR,41.8
OZK,41.81
ACCD,41.81
ADNT,41.83
CATY,41.89
DISCA,41.9
MLHR,41.92
PRGO,42.01
XNCR,42.02
SANM,42.05
GOLF,42.22
SKX,42.25
GLPI,42.26
HWC,42.43
ECOL,42.46
NTGR,42.54
PRLD,42.59
AGO,42.59
ARCH,42.62
LKQ,42.75
RPRX,42.76
DRE,42.84
LTC,42.84
AIR,42.88
EIG,42.91
IONS,42.95
SLGN,43.01
AZEK,43.03
RVMD,43.03
MASS,43.04
VRTV,43.07
RNST,43.09
NUAN,43.12
LZB,43.13
FWONK,43.16
SRC,43.17
PRO,43.19
BHF,43.24
AMRC,43.33
CHK,43.33
SMP,43.34
SCHN,43.39
PUK,43.4
GLW,43.41
NATI,43.43
SGRY,43.46
FOCS,43.47
CELH,43.49
FTS,43.5
DCT,43.5
CPNG,43.53
EXC,43.53
NOAH,43.66
LAZ,43.73
JOE,43.76
DCPH,43.78
MMP,43.8
ACC,43.82
HIW,43.84
HMN,43.84
BDC,43.84
ZUMZ,43.85
PGNY,43.89
CSOD,43.93
JKS,43.96
GRWG,44
DEM,44.02
NAV,44.02
WTRG,44.2
UPWK,44.23
PRGS,44.27
MEG,44.29
QS,44.37
NNN,44.39
HE,44.41
ESNT,44.42
SASR,44.47
SGH,44.5
TRHC,44.52
BSY,44.53
LSCC,44.54
LSXMK,44.62
G,44.64
RVLV,44.66
AVNS,44.66
LSXMA,44.68
UDR,44.76
EWL,44.78
BLI,44.78
PPBI,44.79
CFX,44.86
HLF,44.9
DSP,44.94
PRG,44.96
FBC,45
CFG,45.01
PBH,45.05
COLB,45.11
BKU,45.18
AIRC,45.2
HAIN,45.205
FROG,45.29
SKY,45.34
EYE,45.37
FORM,45.4
DEN,45.42
VRNT,45.43
BEPC,45.48
CNA,45.52
BAM,45.67
JYNT,45.68
BJ,45.69
BWA,45.74
BCE,45.74
HMST,45.77
ALLY,45.82
CMBM,45.87
JRVR,45.93
DMTK,45.95
PAGS,45.99
BMTC,46.05
TGTX,46.1
CASH,46.12
BRO,46.19
CF,46.2
NEO,46.38
CRH,46.39
TEX,46.41
KLIC,46.42
RCKT,46.49
LEG,46.5
SAVA,46.57
ATEX,46.62
IMAB,46.62
BLDR,46.62
FXI,46.67
EPAY,46.67
TOT,46.68
APO,46.69
GBX,46.76
SEE,46.81
AIG,46.82
CSIQ,46.84
SNV,46.92
MRVL,46.97
KIDS,46.99
KBH,46.99
GDOT,47
FIBK,47.07
WERN,47.13
EPR,47.14
HCAT,47.17
AJRD,47.23
VNO,47.3
SBTX,47.31
DT,47.33
FR,47.39
KB,47.39
POR,47.46
BK,47.49
OPRX,47.5
TCF,47.56
RCI,47.58
GRPN,47.59
DAL,47.66
EAR,47.68
RXN,47.72
TRP,47.73
KNX,47.77
SILK,47.78
HRL,47.91
CTVA,47.91
NFE,47.92
EXPI,47.94
LUNG,47.96
UPLD,47.98
OTEX,48
SIX,48.06
ENR,48.19
RIOT,48.22
VIAC,48.23
AVA,48.27
AX,48.32
VCYT,48.33
SPR,48.34
AGYS,48.34
FRME,48.43
KKR,48.47
SHEN,48.58
SWM,48.59
FFIN,48.68
SFIX,48.7
IBOC,48.83
NYT,48.84
TMX,48.85
AGR,48.9
HI,48.94
PLAY,49.1
PNM,49.1
AVNT,49.11
OM,49.16
RUSHA,49.19
FIZZ,49.19
AMTI,49.2
PTCT,49.21
WB,49.21
QGEN,49.24
EZA,49.27
KTB,49.4
FUN,49.45
VIACA,49.51
SHM,49.52
ATH,49.56
ONTF,49.63
SNY,49.63
AGIO,49.64
VSAT,49.65
IR,49.71
AL,49.99
CPRI,50.18
STLD,50.35
SAIL,50.35
AXS,50.37
PUBM,50.49
B,50.52
NFG,50.52
FAST,50.56
CENTA,50.62
AZN,50.64
EPP,50.68
SEAS,50.73
SRRK,50.74
WSFS,50.8
CPB,50.87
CCXI,50.87
SLF,50.9
FTCH,50.94
HTLF,51.02
OKE,51.18
SCI,51.3
TAP,51.37
API,51.4
REXR,51.44
VIR,51.53
AFL,51.56
QTRX,51.57
SNAP,51.6
ICHR,51.62
HZO,51.64
VCEL,51.64
TFI,51.65
JBL,51.72
CYRX,51.77
SAH,51.84
FRHC,51.9
VWO,51.9
LPSN,51.99
BECN,52.03
WBA,52.03
TPIC,52.12
PCH,52.37
OZON,52.44
PLAN,52.44
SQM,52.46
ABM,52.49
MO,52.5
CIT,52.5
CBT,52.56
CSCO,52.57
PHM,52.62
NWN,52.63
L,52.66
HTHT,52.84
CEVA,52.84
APAM,52.84
XPEL,52.86
ZI,52.9
RAMP,53
KO,53.04
PHR,53.1
NUS,53.12
CCEP,53.14
THC,53.26
EEM,53.27
BIP,53.31
VRNS,53.36
WRK,53.58
ARES,53.9
LNT,53.97
CDK,53.98
AMCX,54.01
SPT,54.34
THS,54.36
RILY,54.46
BIGC,54.48
HASI,54.64
IGSB,54.68
TXT,54.7
UBER,54.71
IEP,54.73
DAC,54.79
FTDR,54.81
JW.A,54.83
OMF,54.86
VTR,54.87
ABCB,54.94
WWE,55
MPC,55.02
COP,55.04
IAA,55.09
IP,55.11
CMCSA,55.18
OSH,55.19
SKYW,55.23
DNLI,55.25
LOVE,55.3
BRC,55.41
CIEN,55.61
FLIR,55.63
TRIP,55.68
AIMC,55.74
PI,55.81
ZION,55.85
CTB,55.89
BANR,55.96
MC,55.97
NTR,56.04
LPX,56.05
CWT,56.06
UL,56.19
TAL,56.2
USB,56.21
BEKE,56.35
GM,56.52
AXNX,56.55
HXL,56.74
UAL,56.83
MMSI,56.92
UCTT,56.95
FAF,57.02
RUN,57.09
PHG,57.13
TRTN,57.17
BCAB,57.37
PFGC,57.41
FL,57.57
ACHC,57.71
XOM,57.71
WBS,57.75
ADM,57.91
REG,57.97
GEF,58.1
HYFM,58.12
VZ,58.18
BBL,58.22
AAWW,58.27
MTSC,58.38
MTSI,58.46
TOL,58.58
MDC,58.62
AEM,58.86
SIG,58.88
SIMO,58.91
DCI,58.96
KSS,58.98
NEWR,59.06
EVRG,59.14
BCC,59.15
MHO,59.18
RCII,59.2
AXSM,59.24
TRNO,59.25
IGIB,59.26
PEG,59.3
TFC,59.35
YUMC,59.42
MDLZ,59.44
SPXC,59.48
NGG,59.49
RBA,59.51
ST,59.63
AER,59.66
BJRI,59.84
BYD,59.97
CSTL,59.97
ARVN,59.98
JCI,59.99
PAND,60
MAS,60.05
SLP,60.06
GBCI,60.15
AVIR,60.16
PRFT,60.25
LSPD,60.35
PFG,60.63
EIX,60.68
MET,60.82
BBIO,60.82
EBAY,60.83
XEC,60.83
GRA,60.88
CMS,60.93
GMED,60.93
GIS,60.97
LVS,61
CCS,61.15
MORF,61.16
RDY,61.24
TWTR,61.26
XRAY,61.28
LUV,61.29
SEIC,61.33
NEM,61.5
CDNA,61.51
MCY,61.52
GRUB,61.56
LB,61.6
DOMO,61.61
SO,61.66
CAH,61.86
BERY,62
OAS,62
CAKE,62.01
LNC,62.14
STNE,62.16
PNR,62.24
KFY,62.25
BMBL,62.6
TNL,62.77
SMAR,62.83
KEX,62.94
ARWR,62.95
YNDX,63.01
NSTG,63.02
ONTO,63.04
VOYA,63.14
BNS,63.24
NCNO,63.28
BOOT,63.3
BUD,63.31
ATRC,63.4
BRKR,63.4
QTS,63.42
ALTR,63.45
XLU,63.47
IDCC,63.58
DKNG,63.6
USCR,63.65
K,63.71
FUL,63.76
REGI,63.78
BMY,63.94
DOW,63.99
TLND,64
SFBS,64.07
ELS,64.21
RDFN,64.21
O,64.22
SON,64.24
ACA,64.44
ACM,64.44
LYFT,64.51
AI,64.7
SF,64.7
NTLA,64.73
CVLT,64.73
BWXT,64.79
NWE,64.84
CNC,64.86
INTC,64.87
FLOW,64.95
CMP,64.97
PFSI,65.13
GILD,65.24
TSE,65.48
OSTK,65.54
SCHW,65.71
ALXO,65.8
TD,65.93
TJX,66.04
FSLY,66.16
CWST,66.19
MNRO,66.24
XEL,66.31
APH,66.49
BHVN,66.55
BKH,66.69
SWX,67.26
SWTX,67.28
WDC,67.28
ADC,67.31
SRCL,67.4
RGR,67.46
NUVA,67.49
HLI,67.52
NET,67.57
ALE,67.62
HUBG,67.66
HIG,67.7
MATX,67.71
INMD,67.71
NVO,67.78
QSR,67.92
AVNW,67.96
MRCY,67.97
HSIC,67.98
KRC,68
SMTC,68.02
CCOI,68.09
SSNC,68.15
ALK,68.32
FCFS,68.46
LOB,68.46
PJT,68.73
CONE,68.78
TTGT,68.78
IART,68.83
CAR,69
WOR,69.01
OTIS,69.04
PINS,69.07
BF.B,69.38
PLMR,69.38
SCCO,69.42
AOS,69.49
AFRM,69.72
ALC,69.74
BALY,69.85
THRM,69.85
ARNA,69.9
HQY,70
BIG,70.03
EHTH,70.04
EWJ,70.11
PAR,70.23
ORCL,70.25
BHP,70.31
DQ,70.34
PLL,70.4
WH,70.41
HIBB,70.43
IIVI,70.55
ARCB,70.72
CMA,70.97
RBLX,70.97
FTV,71.26
BPOP,71.33
WPC,71.36
SDGR,71.48
PCRX,71.77
PKX,71.78
NEP,71.84
GGG,71.95
FATE,72.16
ATKR,72.19
SLG,72.31
HES,72.32
CERN,72.43
YETI,72.44
TFII,72.5
EQR,72.68
PLCE,72.95
IBKR,73
C,73.02
EAT,73.11
VLO,73.11
BLKB,73.25
UFPI,73.29
WELL,73.39
HOLX,73.42
SAGE,73.74
TW,73.86
DAR,73.94
WGO,73.98
SR,74.05
NEE,74.06
RPD,74.06
IWR,74.1
IBTX,74.11
EWBC,74.18
BX,74.31
ENV,74.4
SIGI,74.42
ED,74.44
BIPC,74.69
TRMB,74.7
FMX,74.74
NTAP,74.75
SRPT,74.78
CUB,74.8
BKI,74.84
EOG,74.88
OGS,74.99
FIX,75.07
ORA,75.27
AMN,75.42
AWR,75.43
BMRN,75.48
OMC,75.52
APPS,75.66
D,75.78
FANG,75.79
WRB,75.82
CVS,75.96
TSN,75.98
LIVN,75.99
STX,76.02
TRUP,76.07
NHI,76.13
R,76.45
GLPG,76.53
NGVT,76.55
EFA,76.6
RHI,77.14
GDDY,77.14
MRK,77.39
AMD,77.41
PB,77.46
TCBI,77.5
PLNT,77.62
SYNH,77.79
RIO,78.05
SXT,78.13
DKS,78.17
RTX,78.17
IGMS,78.33
CBSH,78.33
DD,78.47
IJK,78.47
WAB,78.5
CHWY,78.66
TNET,78.68
WTFC,78.98
RHP,79
CBRE,79.09
GDS,79.1
CL,79.22
CTSH,79.24
CLGX,79.25
BG,79.28
NUE,79.3
BCO,79.43
HDB,79.46
CBU,79.46
FELE,79.66
XLB,79.69
BAH,79.76
MS,79.98
SAIC,80
CPA,80.17
VFC,80.21
PNW,80.22
DDOG,80.29
DIOD,80.45
CMD,80.5
CROX,80.55
SYY,80.63
LW,80.64
KMPR,80.84
SSB,81.03
BEAM,81.33
AEE,81.46
PAG,81.58
INCY,81.75
CGNX,81.86
BRKS,81.96
JD,82.07
DOX,82.16
EW,82.3
AYX,82.32
TKR,82.54
TNDM,82.59
CRUS,83.01
HZNP,83.01
H,83.06
POWI,83.12
EHC,83.2
ACMR,83.36
NSP,83.39
CDAY,83.59
LYV,84.04
BLL,84.09
SPB,84.13
PSX,84.31
RCL,84.56
MSGE,84.67
AEP,84.99
SSTK,85.23
CHGG,85.3
VFH,85.41
CTRN,85.58
GKOS,85.58
FOUR,85.61
FSLR,85.69
ES,85.79
WCC,85.8
STT,85.89
BAX,85.95
CVAC,86.09
HLNE,86.12
SHY,86.3
LSI,86.38
CLH,86.89
HYG,86.92
MANT,86.92
MGA,86.95
IYW,87.02
ALRM,87.13
PWR,87.14
NEOG,87.25
RP,87.35
CHD,87.35
LMND,87.38
NVS,87.41
CZR,87.53
MU,87.99
DY,88.15
OLLI,88.39
PZZA,88.42
TRI,88.52
MMS,88.76
DELL,88.99
WLK,89.02
CRNC,89.025
EWY,89.14
ITRI,89.22
WK,89.45
DHI,89.85
BMO,89.94
MTZ,90.13
ASH,90.14
MKC,90.21
CRI,90.53
PM,90.58
ITT,90.7
MSM,91
TREX,91.38
ALV,91.44
TPTX,91.54
EMR,91.57
MNST,91.65
ROCK,91.72
LITE,91.93
PRU,91.98
PNFP,92.08
KRNT,92.15
ATVI,92.4
AWI,92.58
TRU,92.59
MTH,92.64
OC,92.66
DIN,92.69
IYR,92.74
INGR,92.78
BOKF,92.84
VNQ,92.84
WEC,93.03
STRA,93.11
RY,93.11
GATX,93.11
MXIM,93.14
BOH,93.14
AN,93.4
FAS,93.44
NTRA,93.64
PCAR,93.68
UMBF,93.69
ENS,93.7
MGLN,93.84
FBHS,93.99
DDS,94.29
RPM,94.36
EBS,94.53
HHC,94.65
LAMR,94.74
EXLS,94.93
ATHM,94.94
CR,94.99
FLGT,95.23
PGR,95.25
ACWI,95.33
U,95.53
BNTX,95.76
DUK,95.83
BMI,96.08
WAL,96.1
YY,96.13
ENSG,96.13
LDOS,96.2
ASGN,96.52
EXPO,96.58
BPMC,96.67
NSIT,96.67
DFS,96.96
BILI,97.08
BC,97.12
ATO,97.24
RETA,97.65
CSX,97.66
FND,97.68
CHRW,97.7
TXRH,97.77
CCK,97.98
DLB,98.22
AMBA,98.27
ETR,98.44
GL,98.46
HAS,98.5
WMS,98.55
INFO,98.57
NBIX,98.86
HRI,99.52
CM,99.52
SPSC,99.54
SITM,100.03
STAA,100.24
PAYX,100.82
RSG,101.29
IWP,101.42
IDA,101.61
MAN,101.75
IJS,101.85
PVH,101.9
QTWO,102.65
AKAM,102.7
IJJ,102.83
LEN,102.85
NARI,103.23
CTLT,103.3
GWRE,103.89
NTES,103.94
LOGI,103.99
SSD,104.12
FRT,104.33
TTC,104.34
SWAV,104.45
WD,104.6
XYL,104.76
QLYS,105.33
SNE,105.42
LYB,105.57
CINF,105.79
NTRS,105.85
RGLD,105.94
ABBV,105.98
PTON,106.42
WCN,106.5
PENN,106.58
PLD,106.78
BXP,107.07
CPRT,107.43
POST,107.47
CVX,107.48
CREE,107.5
EXPD,107.8
YUM,108.06
MBB,108.38
JNK,108.51
CHH,108.62
RARE,108.64
BL,108.65
DVA,108.77
COLM,108.86
EMB,109.26
IJR,109.29
ARW,109.75
IWS,109.87
SBUX,109.9
ENTG,110.03
PPLT,110.38
SHV,110.52
HRC,110.87
ESTC,110.93
AEIS,111.05
CRSP,111.24
JACK,111.88
EME,112.13
CFR,112.25
EMN,112.68
IRBT,112.75
CPT,113.05
IBP,113.26
IEF,113.58
ICE,113.64
FMC,113.77
KRTX,113.84
AGG,113.91
CDLX,113.98
RYAAY,114.23
DLTR,114.39
LOPE,114.42
HEI.A,114.48
DVY,114.59
SPG,114.67
FUTU,114.69
BAND,114.95
SHAK,115
ALLK,115.14
CHKP,115.25
TWST,115.59
MUB,115.97
ALL,116.03
HAE,116.15
AFG,116.15
KOD,116.33
TSM,116.56
SNX,116.7
PEGA,116.76
CNI,116.84
CW,118.41
GPC,118.55
MDT,118.56
ADS,118.69
ABC,118.73
AVAV,118.81
MANH,118.88
WTS,118.89
TER,119.02
SDY,119.03
BBY,119.26
JCOM,119.36
OSK,120.2
PRLB,120.22
MMC,120.23
VC,120.66
HLT,121.12
AAPL,121.21
COR,121.91
ABT,122.07
RL,122.16
ROST,122.36
SAP,122.71
TMUS,122.99
XLNX,123.14
XPO,123.21
WWD,123.34
FNV,123.4
HEI,123.46
RJF,123.59
FISV,123.61
SI,123.84
NVCR,124.56
LECO,124.58
AVLR,124.96
WING,125.13
A,125.64
AJG,125.7
EVBG,125.87
EXAS,126
TIP,126.03
QDEL,126.3
ALLE,126.75
Z,127.24
AME,127.32
WYNN,127.43
PFPT,127.98
IJT,128.28
GRMN,128.37
ZLAB,128.42
SJM,128.5
J,128.62
AMAT,128.64
TEL,128.75
RGA,128.92
CNMD,129.22
DGX,129.24
EVR,129.5
PKI,129.55
COF,129.59
LQD,129.62
BYND,129.71
WM,129.8
FOXF,129.88
ZEN,130.64
ASND,130.81
THG,131.11
PDD,131.29
EXP,131.78
ZG,132.08
SRE,132.14
CYBR,132.32
CDNS,132.58
EXR,132.59
EA,132.85
QCOM,132.99
NKE,132.99
XBI,133.06
DTE,133.24
MRNA,133.28
TTEK,133.42
THO,133.7
KMX,133.81
PII,133.82
DASH,134.01
WMT,135.13
UHS,135.15
SPLK,135.19
PTC,135.43
PG,135.45
PKG,135.52
GH,135.57
ALNY,136.25
IBM,136.38
IRTC,136.39
XLRN,136.61
CTXS,136.64
TLT,136.66
SYNA,136.91
KMB,137.13
NVRO,137.49
AXON,137.82
MTCH,138.27
ETN,138.69
BAP,139.23
GTLS,139.34
FCN,139.63
SGEN,139.67
DOV,139.9
OMCL,140.17
IFF,140.52
APTV,140.64
APPN,140.66
APPF,140.67
SNBR,140.82
EEFT,140.91
LPLA,141.71
NXST,141.85
RSP,142.17
KEYS,142.19
AGCO,142.54
PEP,142.7
SLAB,142.83
DLR,142.91
UPST,142.95
AXP,143.73
AIZ,144.65
ATR,144.82
AZPN,144.9
AYI,145.64
BILL,146
AWK,146.32
FIS,146.42
MAR,146.82
CNXC,146.84
RBC,147.3
MAA,148.59
DRI,148.98
IBB,149.14
SUI,150.16
ALB,150.4
NDAQ,150.72
PRAH,151.25
LGIH,151.7
AMG,152.06
ENPH,152.07
IWD,152.5
MUSA,152.51
CE,152.69
TM,153.37
BR,153.44
FRPT,153.47
LGND,153.48
TRV,153.64
LBRDK,153.79
VMW,153.94
PPG,154.82
ALXN,154.875
JPM,155.09
MTB,155.14
JKHY,155.19
MCHP,155.42
RS,155.62
ZTS,156.15
FIVN,156.81
ADI,157.11
HSY,159.27
CB,159.78
IWN,160.18
ZBH,161.32
GLD,162.24
RNR,164.51
PXD,164.81
JNJ,164.93
MRTX,164.98
DEO,165.71
MIDD,165.97
MEDP,166.03
XLY,166.06
TXG,166.09
JBHT,166.9
CSL,167.45
BFAM,167.58
CDW,167.9
UPS,167.98
TT,168.09
JAZZ,168.42
ARE,168.98
LSTR,169.21
ZS,169.78
FRC,170.09
VMC,170.34
UTHR,171.21
VAC,171.47
CBRL,172.03
CCI,173.29
IPHI,173.6
TTWO,174.29
ABNB,174.4
EXPE,176.45
VAR,176.6
IIPR,176.77
PCTY,176.81
TDOC,176.89
MSGS,177.45
CCMP,177.48
CRWD,177.685
SITE,177.77
TROW,178.13
TSCO,178.48
LEA,178.48
VRSK,178.63
WSM,178.78
PNC,179.68
GME,181
JLL,181.09
GD,181.54
NVAX,182.12
SWKS,182.18
EFX,182.5
QRVO,182.5
FTNT,182.77
MKSI,183.11
RGEN,183.51
AVY,183.64
LLY,185.31
IT,185.84
DIS,185.92
AAP,187.32
TXN,188.2
AVB,189.12
HUBB,189.13
MSI,189.6
CLX,190.25
ICLR,190.72
RMD,190.93
HCA,191.07
LOW,191.61
ADP,192.69
IQV,192.86
STE,193.68
INSP,193.98
MCK,194.09
MMM,194.88
LHCG,195.63
MHK,195.67
OIH,196.16
STMP,197.89
LHX,198.94
NXPI,199
VRSN,199.68
FIVE,199.96
TGT,200.95
FVRR,201.88
DOCU,201.96
SWK,202.07
ETSY,202.32
DG,203.08
HII,203.16
NDSN,203.59
RACE,204.26
TREE,206.04
VTI,206.47
IEX,206.55
IPGP,206.87
CME,208.44
BIDU,208.61
CRM,209.09
GPN,209.17
SE,209.24
FFIV,210.44
OKTA,212.45
TEAM,212.94
ECL,213.33
V,213.53
SQ,213.6
BLD,213.96
HELE,214.5
VRTX,214.64
FDN,215.6
CASY,216.91
GWPH,217.8
IAC,218.43
HON,218.53
WEX,219.69
SBNY,220.02
IWM,220.61
UNP,222.92
NICE,222.94
WHR,223.09
MCD,225.21
DHR,226.27
SAIA,227.09
BABA,227.26
ITW,227.61
AON,228.31
WLTW,229.36
MASI,229.46
CAT,229.5
SNA,229.63
AMP,232.58
CHDN,233.05
MOH,234.19
SNOW,235
STZ,235.31
ODFL,235.75
MSFT,236.48
AMT,238.82
OLED,240.12
SYK,240.98
PYPL,241.03
IWF,241.33
SMG,241.42
CACI,241.6
SNPS,242.75
CI,243.78
PSA,244.59
BA,244.87
BDX,245.12
COUP,246
WDAY,249.66
RE,250.15
LH,252.85
AMGN,252.86
KSU,253.62
VEEV,254.4
BRK.B,256.77
CVNA,259
WSO,259.91
COHR,260.56
SPOT,261.31
IJH,261.81
CMI,262.42
PEN,262.97
MDB,265.77
PODD,266.8
ADSK,269.01
AMED,271.16
NSC,272.91
ROK,273.55
SEDG,275.75
BIIB,276.63
FLT,278.46
WST,280.31
ACN,280.77
WIX,280.78
WAT,281.22
FDX,281.34
LIN,281.4
SBAC,282.57
FB,283.02
ESS,284.33
MTN,286.23
APD,287.22
CRL,288.04
RNG,290.7
EL,292.31
BURL,294.04
IWO,298.12
ABMD,301.4
ULTA,303
HD,303.81
MCO,304.12
ROKU,306.82
ANET,311.27
LULU,314
QQQ,316
GNRC,316.04
PH,317.59
NOC,319.02
PANW,319.71
KLAC,319.94
TWLO,319.79
LII,320.84
ZM,319.95
FDS,325.62
BGNE,324.86
GS,327.39
URI,329.86
DIA,330.61
DECK,333.84
MLM,341.24
POOL,341.86
ANSS,342.96
W,343.68
CTAS,346.61
MPWR,350.97
COST,352.02
DXCM,352.73
CP,358.22
SPGI,359.55
LMT,364.71
MA,366.14
ANTM,371.31
DPZ,371.84
DE,372.29
PAYC,372.61
UNH,376.48
INTU,376.58
LAD,377.93
COO,383.85
EPAM,387.74
TECH,388.24
SPY,395.98
IVV,397.45
GWW,399.37
TDY,400.78
ILMN,401.46
ROP,410.36
TFX,413.02
TYL,419.48
HUM,423.6
HUBS,439.95
MSCI,424.87
TMO,460.06
ADBE,469.09
REGN,476.91
ZBRA,476.96
IDXX,480.22
AVGO,482.04
SIVB,491.98
FICO,492.91
NOW,495
ORLY,506.74
NFLX,508.05
NVDA,513.57
MKTX,517.8
ALGN,528.34
RH,578.18
LRCX,584.23
TDG,586.44
TSLA,618.71
ASML,625.67
MSTR,624
CHTR,631.75
TTD,671.21
EQIX,683.63
ISRG,730.75
BLK,756.9
SHW,759.02
CSGP,816.47
SHOP,1065.21
AZO,1413.73
MELI,1431.97
CMG,1445.48
GOOG,2035.55
GOOGL,2024.73
AMZN,3052.03
BKNG,2323.53
